"staircase_name","2*riser_gt_mm/1000 +  tread_gt_mm/1000","2*riser_alg_mm/1000 +  tread_alg_mm/1000","gt_num_steps","risers_alg","treads_alg","width_gt_mm","width_alg_mm","riser_gt_mm","riser_alg_mm","tread_gt_mm","tread_alg_mm","width_abs_error","width_pct_error","riser_abs_error","riser_pct_error","tread_abs_error","tread_pct_error","mae_width","rmse_width","mae_riser","rmse_riser","mae_tread","rmse_tread"
historic_center_0_864,0.8000000,0.6579999999999999,-1,25,27,1180.00,423.0,269.000,181.0,262.000,296.0,757.0,64.15254237288136,88.0,32.71375464684015,34.0,12.977099236641221,474.17391304347825,576.9721189857934,81.17391304347827,87.79100676928826,46.608695652173914,59.5493949153357
historic_center_0_865,0.8000000,0.633,-1,25,27,1180.00,457.0,269.000,200.0,262.000,233.0,723.0,61.271186440677965,69.0,25.650557620817843,29.0,11.068702290076336,474.17391304347825,576.9721189857934,81.17391304347827,87.79100676928826,46.608695652173914,59.5493949153357
historic_center_0_866,0.8000000,0.569,-1,41,34,1180.00,1019.0,269.000,181.0,262.000,207.0,161.0,13.64406779661017,88.0,32.71375464684015,55.0,20.99236641221374,474.17391304347825,576.9721189857934,81.17391304347827,87.79100676928826,46.608695652173914,59.5493949153357
historic_center_0_867,0.8000000,0.6819999999999999,-1,41,34,1180.00,277.0,269.000,199.0,262.000,284.0,903.0,76.52542372881356,70.0,26.022304832713754,22.0,8.396946564885496,474.17391304347825,576.9721189857934,81.17391304347827,87.79100676928826,46.608695652173914,59.5493949153357
historic_center_0_868,0.8000000,0.622,-1,41,34,1180.00,674.0,269.000,167.0,262.000,288.0,506.0,42.88135593220339,102.0,37.9182156133829,26.0,9.923664122137405,474.17391304347825,576.9721189857934,81.17391304347827,87.79100676928826,46.608695652173914,59.5493949153357
historic_center_0_869,0.8000000,0.49,-1,41,34,1180.00,217.0,269.000,179.0,262.000,132.0,963.0,81.61016949152543,90.0,33.45724907063197,130.0,49.61832061068702,474.17391304347825,576.9721189857934,81.17391304347827,87.79100676928826,46.608695652173914,59.5493949153357
historic_center_0_870,0.8000000,0.748,-1,48,33,1180.00,1063.0,269.000,235.0,262.000,278.0,117.0,9.915254237288135,34.0,12.639405204460967,16.0,6.106870229007634,474.17391304347825,576.9721189857934,81.17391304347827,87.79100676928826,46.608695652173914,59.5493949153357
historic_center_0_871,0.8000000,0.629,-1,48,33,1180.00,1469.0,269.000,155.0,262.000,319.0,289.0,24.491525423728813,114.0,42.37918215613383,57.0,21.755725190839694,474.17391304347825,576.9721189857934,81.17391304347827,87.79100676928826,46.608695652173914,59.5493949153357
historic_center_0_872,0.8000000,0.683,-1,48,33,1180.00,113.0,269.000,213.0,262.000,257.0,1067.0,90.42372881355932,56.0,20.817843866171003,5.0,1.9083969465648856,474.17391304347825,576.9721189857934,81.17391304347827,87.79100676928826,46.608695652173914,59.5493949153357
historic_center_0_873,0.8000000,0.6930000000000001,-1,48,33,1180.00,79.0,269.000,191.0,262.000,311.0,1101.0,93.30508474576271,78.0,28.99628252788104,49.0,18.702290076335878,474.17391304347825,576.9721189857934,81.17391304347827,87.79100676928826,46.608695652173914,59.5493949153357
historic_center_0_874,0.8000000,0.831,-1,30,23,1180.00,637.0,269.000,260.0,262.000,311.0,543.0,46.016949152542374,9.0,3.345724907063197,49.0,18.702290076335878,474.17391304347825,576.9721189857934,81.17391304347827,87.79100676928826,46.608695652173914,59.5493949153357
historic_center_0_875,0.8000000,0.629,-1,30,23,1180.00,985.0,269.000,172.0,262.000,285.0,195.0,16.52542372881356,97.0,36.059479553903344,23.0,8.778625954198473,474.17391304347825,576.9721189857934,81.17391304347827,87.79100676928826,46.608695652173914,59.5493949153357
historic_center_0_876,0.8000000,0.664,-1,33,24,1180.00,1004.0,269.000,201.0,262.000,262.0,176.0,14.915254237288135,68.0,25.278810408921935,0.0,0.0,474.17391304347825,576.9721189857934,81.17391304347827,87.79100676928826,46.608695652173914,59.5493949153357
historic_center_0_877,0.8000000,0.6100000000000001,-1,44,16,1180.00,975.0,269.000,171.0,262.000,268.0,205.0,17.372881355932204,98.0,36.43122676579926,6.0,2.2900763358778624,474.17391304347825,576.9721189857934,81.17391304347827,87.79100676928826,46.608695652173914,59.5493949153357
historic_center_0_878,0.8000000,0.541,-1,34,20,1180.00,673.0,269.000,167.0,262.000,207.0,507.0,42.96610169491525,102.0,37.9182156133829,55.0,20.99236641221374,474.17391304347825,576.9721189857934,81.17391304347827,87.79100676928826,46.608695652173914,59.5493949153357
historic_center_0_879,0.8000000,0.52,-1,34,20,1180.00,693.0,269.000,155.0,262.000,210.0,487.0,41.271186440677965,114.0,42.37918215613383,52.0,19.84732824427481,474.17391304347825,576.9721189857934,81.17391304347827,87.79100676928826,46.608695652173914,59.5493949153357
historic_center_0_880,0.8000000,0.599,-1,27,15,1180.00,367.0,269.000,179.0,262.000,241.0,813.0,68.89830508474576,90.0,33.45724907063197,21.0,8.01526717557252,474.17391304347825,576.9721189857934,81.17391304347827,87.79100676928826,46.608695652173914,59.5493949153357
historic_center_0_881,0.8000000,0.61,-1,27,15,1180.00,428.0,269.000,192.0,262.000,226.0,752.0,63.728813559322035,77.0,28.62453531598513,36.0,13.740458015267176,474.17391304347825,576.9721189857934,81.17391304347827,87.79100676928826,46.608695652173914,59.5493949153357
historic_center_0_882,0.8000000,0.8180000000000001,-1,37,26,1180.00,604.0,269.000,248.0,262.000,322.0,576.0,48.813559322033896,21.0,7.806691449814126,60.0,22.900763358778626,474.17391304347825,576.9721189857934,81.17391304347827,87.79100676928826,46.608695652173914,59.5493949153357
historic_center_0_883,0.8000000,0.395,-1,37,26,1180.00,623.0,269.000,105.0,262.000,185.0,557.0,47.20338983050848,164.0,60.96654275092937,77.0,29.389312977099237,474.17391304347825,576.9721189857934,81.17391304347827,87.79100676928826,46.608695652173914,59.5493949153357
historic_center_0_884,0.8000000,0.569,-1,28,20,1180.00,1079.0,269.000,156.0,262.000,257.0,101.0,8.559322033898304,113.0,42.00743494423792,5.0,1.9083969465648856,474.17391304347825,576.9721189857934,81.17391304347827,87.79100676928826,46.608695652173914,59.5493949153357
historic_center_0_885,0.8000000,0.61,-1,28,20,1180.00,254.0,269.000,163.0,262.000,284.0,926.0,78.47457627118644,106.0,39.405204460966544,22.0,8.396946564885496,474.17391304347825,576.9721189857934,81.17391304347827,87.79100676928826,46.608695652173914,59.5493949153357
historic_center_0_886,0.8000000,0.645,-1,24,17,1180.00,512.0,269.000,199.0,262.000,247.0,668.0,56.610169491525426,70.0,26.022304832713754,15.0,5.7251908396946565,474.17391304347825,576.9721189857934,81.17391304347827,87.79100676928826,46.608695652173914,59.5493949153357
historic_center_0_887,0.8000000,0.513,-1,23,15,1180.00,942.0,269.000,180.0,262.000,153.0,238.0,20.16949152542373,89.0,33.08550185873606,109.0,41.603053435114504,474.17391304347825,576.9721189857934,81.17391304347827,87.79100676928826,46.608695652173914,59.5493949153357
historic_center_0_888,0.8000000,0.862,-1,29,17,1180.00,925.0,269.000,244.0,262.000,374.0,255.0,21.610169491525422,25.0,9.293680297397769,112.0,42.74809160305343,474.17391304347825,576.9721189857934,81.17391304347827,87.79100676928826,46.608695652173914,59.5493949153357
historic_center_0_889,0.8000000,0.646,-1,19,17,1180.00,551.0,269.000,201.0,262.000,244.0,629.0,53.30508474576271,68.0,25.278810408921935,18.0,6.870229007633588,474.17391304347825,576.9721189857934,81.17391304347827,87.79100676928826,46.608695652173914,59.5493949153357
historic_center_0_890,0.8000000,0.45899999999999996,-1,19,17,1180.00,382.0,269.000,152.0,262.000,155.0,798.0,67.62711864406779,117.0,43.49442379182156,107.0,40.83969465648855,474.17391304347825,576.9721189857934,81.17391304347827,87.79100676928826,46.608695652173914,59.5493949153357
historic_center_0_891,0.8000000,0.712,-1,19,17,1180.00,1065.0,269.000,205.0,262.000,302.0,115.0,9.745762711864407,64.0,23.79182156133829,40.0,15.267175572519085,474.17391304347825,576.9721189857934,81.17391304347827,87.79100676928826,46.608695652173914,59.5493949153357
historic_center_0_892,0.8000000,0.7849999999999999,-1,16,14,1180.00,1070.0,269.000,207.0,262.000,371.0,110.0,9.322033898305085,62.0,23.04832713754647,109.0,41.603053435114504,474.17391304347825,576.9721189857934,81.17391304347827,87.79100676928826,46.608695652173914,59.5493949153357
historic_center_0_893,0.8000000,0.583,-1,16,14,1180.00,115.0,269.000,145.0,262.000,293.0,1065.0,90.2542372881356,124.0,46.09665427509294,31.0,11.83206106870229,474.17391304347825,576.9721189857934,81.17391304347827,87.79100676928826,46.608695652173914,59.5493949153357
historic_center_0_894,0.8000000,0.599,-1,15,12,1180.00,762.0,269.000,185.0,262.000,229.0,418.0,35.42372881355932,84.0,31.226765799256505,33.0,12.595419847328245,474.17391304347825,576.9721189857934,81.17391304347827,87.79100676928826,46.608695652173914,59.5493949153357
historic_center_0_895,0.8000000,0.823,-1,20,18,1180.00,983.0,269.000,219.0,262.000,385.0,197.0,16.694915254237287,50.0,18.587360594795538,123.0,46.94656488549618,474.17391304347825,576.9721189857934,81.17391304347827,87.79100676928826,46.608695652173914,59.5493949153357
historic_center_0_896,0.8000000,0.869,-1,34,15,1180.00,953.0,269.000,263.0,262.000,343.0,227.0,19.23728813559322,6.0,2.2304832713754648,81.0,30.916030534351144,474.17391304347825,576.9721189857934,81.17391304347827,87.79100676928826,46.608695652173914,59.5493949153357
historic_center_0_897,0.8000000,0.635,-1,27,15,1180.00,1085.0,269.000,196.0,262.000,243.0,95.0,8.05084745762712,73.0,27.13754646840149,19.0,7.251908396946565,474.17391304347825,576.9721189857934,81.17391304347827,87.79100676928826,46.608695652173914,59.5493949153357
historic_center_0_898,0.8000000,0.649,-1,22,27,1180.00,1052.0,269.000,193.0,262.000,263.0,128.0,10.847457627118644,76.0,28.25278810408922,1.0,0.3816793893129771,474.17391304347825,576.9721189857934,81.17391304347827,87.79100676928826,46.608695652173914,59.5493949153357
historic_center_0_899,0.8000000,0.671,-1,26,21,1180.00,784.0,269.000,217.0,262.000,237.0,396.0,33.559322033898304,52.0,19.33085501858736,25.0,9.541984732824428,474.17391304347825,576.9721189857934,81.17391304347827,87.79100676928826,46.608695652173914,59.5493949153357
historic_center_0_900,0.8000000,0.6799999999999999,-1,26,21,1180.00,257.0,269.000,168.0,262.000,344.0,923.0,78.22033898305085,101.0,37.54646840148699,82.0,31.297709923664122,474.17391304347825,576.9721189857934,81.17391304347827,87.79100676928826,46.608695652173914,59.5493949153357
historic_center_0_901,0.8000000,0.473,-1,22,17,1180.00,1281.0,269.000,163.0,262.000,147.0,101.0,8.559322033898304,106.0,39.405204460966544,115.0,43.89312977099237,474.17391304347825,576.9721189857934,81.17391304347827,87.79100676928826,46.608695652173914,59.5493949153357
historic_center_0_902,0.8000000,0.565,-1,22,17,1180.00,269.0,269.000,147.0,262.000,271.0,911.0,77.20338983050847,122.0,45.353159851301115,9.0,3.435114503816794,474.17391304347825,576.9721189857934,81.17391304347827,87.79100676928826,46.608695652173914,59.5493949153357
historic_center_0_903,0.8000000,0.604,-1,25,16,1180.00,1044.0,269.000,189.0,262.000,226.0,136.0,11.525423728813559,80.0,29.739776951672862,36.0,13.740458015267176,474.17391304347825,576.9721189857934,81.17391304347827,87.79100676928826,46.608695652173914,59.5493949153357
historic_center_0_904,0.8000000,0.5449999999999999,-1,13,24,1180.00,1027.0,269.000,183.0,262.000,179.0,153.0,12.966101694915254,86.0,31.970260223048328,83.0,31.6793893129771,474.17391304347825,576.9721189857934,81.17391304347827,87.79100676928826,46.608695652173914,59.5493949153357
historic_center_0_905,0.8000000,0.73,-1,16,23,1180.00,1259.0,269.000,234.0,262.000,262.0,79.0,6.694915254237288,35.0,13.011152416356877,0.0,0.0,474.17391304347825,576.9721189857934,81.17391304347827,87.79100676928826,46.608695652173914,59.5493949153357
historic_center_0_906,0.8000000,0.714,-1,22,17,1180.00,1202.0,269.000,223.0,262.000,268.0,22.0,1.8644067796610169,46.0,17.100371747211895,6.0,2.2900763358778624,474.17391304347825,576.9721189857934,81.17391304347827,87.79100676928826,46.608695652173914,59.5493949153357
historic_center_0_907,0.8000000,0.614,-1,22,17,1180.00,376.0,269.000,187.0,262.000,240.0,804.0,68.13559322033899,82.0,30.483271375464685,22.0,8.396946564885496,474.17391304347825,576.9721189857934,81.17391304347827,87.79100676928826,46.608695652173914,59.5493949153357
historic_center_0_908,0.8000000,0.44999999999999996,-1,24,21,1180.00,935.0,269.000,120.0,262.000,210.0,245.0,20.76271186440678,149.0,55.39033457249071,52.0,19.84732824427481,474.17391304347825,576.9721189857934,81.17391304347827,87.79100676928826,46.608695652173914,59.5493949153357
historic_center_0_909,0.8000000,0.475,-1,20,20,1180.00,506.0,269.000,150.0,262.000,175.0,674.0,57.11864406779661,119.0,44.237918215613384,87.0,33.20610687022901,474.17391304347825,576.9721189857934,81.17391304347827,87.79100676928826,46.608695652173914,59.5493949153357
historic_center_1_910,0.7760000,0.5660000000000001,-1,10,12,770.00,733.0,249.000,147.0,278.000,272.0,37.0,4.805194805194805,102.0,40.963855421686745,6.0,2.158273381294964,90.41176470588235,176.80547635915647,65.6470588235294,73.87987069640585,45.35294117647059,53.40246744684898
historic_center_1_911,0.7760000,0.61,-1,9,11,770.00,736.0,249.000,212.0,278.000,186.0,34.0,4.415584415584416,37.0,14.859437751004016,92.0,33.093525179856115,90.41176470588235,176.80547635915647,65.6470588235294,73.87987069640585,45.35294117647059,53.40246744684898
historic_center_1_912,0.7760000,0.734,-1,5,4,770.00,928.0,249.000,244.0,278.000,246.0,158.0,20.51948051948052,5.0,2.0080321285140563,32.0,11.510791366906474,90.41176470588235,176.80547635915647,65.6470588235294,73.87987069640585,45.35294117647059,53.40246744684898
historic_center_1_913,0.7760000,0.6619999999999999,-1,11,7,770.00,741.0,249.000,204.0,278.000,254.0,29.0,3.7662337662337664,45.0,18.072289156626507,24.0,8.633093525179856,90.41176470588235,176.80547635915647,65.6470588235294,73.87987069640585,45.35294117647059,53.40246744684898
historic_center_1_914,0.7760000,0.696,-1,9,8,770.00,744.0,249.000,228.0,278.000,240.0,26.0,3.3766233766233764,21.0,8.433734939759036,38.0,13.66906474820144,90.41176470588235,176.80547635915647,65.6470588235294,73.87987069640585,45.35294117647059,53.40246744684898
historic_center_1_915,0.7760000,0.654,-1,13,4,770.00,760.0,249.000,201.0,278.000,252.0,10.0,1.2987012987012987,48.0,19.27710843373494,26.0,9.352517985611511,90.41176470588235,176.80547635915647,65.6470588235294,73.87987069640585,45.35294117647059,53.40246744684898
historic_center_1_916,0.7760000,0.573,-1,11,6,770.00,779.0,249.000,156.0,278.000,261.0,9.0,1.1688311688311688,93.0,37.34939759036145,17.0,6.115107913669065,90.41176470588235,176.80547635915647,65.6470588235294,73.87987069640585,45.35294117647059,53.40246744684898
historic_center_1_917,0.7760000,0.495,-1,8,4,770.00,784.0,249.000,165.0,278.000,165.0,14.0,1.8181818181818181,84.0,33.734939759036145,113.0,40.64748201438849,90.41176470588235,176.80547635915647,65.6470588235294,73.87987069640585,45.35294117647059,53.40246744684898
historic_center_1_918,0.7760000,0.638,-1,8,8,770.00,789.0,249.000,215.0,278.000,208.0,19.0,2.4675324675324677,34.0,13.654618473895582,70.0,25.179856115107913,90.41176470588235,176.80547635915647,65.6470588235294,73.87987069640585,45.35294117647059,53.40246744684898
historic_center_1_919,0.7760000,0.542,-1,11,7,770.00,745.0,249.000,145.0,278.000,252.0,25.0,3.2467532467532467,104.0,41.76706827309237,26.0,9.352517985611511,90.41176470588235,176.80547635915647,65.6470588235294,73.87987069640585,45.35294117647059,53.40246744684898
historic_center_1_920,0.7760000,0.597,-1,12,5,770.00,755.0,249.000,173.0,278.000,251.0,15.0,1.948051948051948,76.0,30.522088353413654,27.0,9.712230215827338,90.41176470588235,176.80547635915647,65.6470588235294,73.87987069640585,45.35294117647059,53.40246744684898
historic_center_1_921,0.7760000,0.635,-1,5,5,770.00,189.0,249.000,209.0,278.000,217.0,581.0,75.45454545454545,40.0,16.06425702811245,61.0,21.942446043165468,90.41176470588235,176.80547635915647,65.6470588235294,73.87987069640585,45.35294117647059,53.40246744684898
historic_center_1_922,0.7760000,0.51,-1,8,8,770.00,859.0,249.000,141.0,278.000,228.0,89.0,11.558441558441558,108.0,43.373493975903614,50.0,17.985611510791365,90.41176470588235,176.80547635915647,65.6470588235294,73.87987069640585,45.35294117647059,53.40246744684898
historic_center_1_923,0.7760000,0.5589999999999999,-1,10,9,770.00,759.0,249.000,182.0,278.000,195.0,11.0,1.4285714285714286,67.0,26.907630522088354,83.0,29.85611510791367,90.41176470588235,176.80547635915647,65.6470588235294,73.87987069640585,45.35294117647059,53.40246744684898
historic_center_1_924,0.7760000,0.534,-1,8,6,770.00,709.0,249.000,147.0,278.000,240.0,61.0,7.922077922077922,102.0,40.963855421686745,38.0,13.66906474820144,90.41176470588235,176.80547635915647,65.6470588235294,73.87987069640585,45.35294117647059,53.40246744684898
historic_center_1_925,0.7760000,0.506,-1,10,5,770.00,801.0,249.000,133.0,278.000,240.0,31.0,4.025974025974026,116.0,46.5863453815261,38.0,13.66906474820144,90.41176470588235,176.80547635915647,65.6470588235294,73.87987069640585,45.35294117647059,53.40246744684898
historic_center_1_926,0.7760000,0.738,-1,5,5,770.00,382.0,249.000,215.0,278.000,308.0,388.0,50.38961038961039,34.0,13.654618473895582,30.0,10.79136690647482,90.41176470588235,176.80547635915647,65.6470588235294,73.87987069640585,45.35294117647059,53.40246744684898
historic_center_2_927,0.6820000,0.6890000000000001,-1,5,18,720.00,520.0,206.000,233.0,270.000,223.0,200.0,27.77777777777778,27.0,13.106796116504855,47.0,17.40740740740741,32.2,47.16808848605773,18.771428571428572,21.772197211778405,48.74285714285714,55.59753334713434
historic_center_2_928,0.6820000,0.664,-1,12,11,720.00,746.0,206.000,223.0,270.000,218.0,26.0,3.611111111111111,17.0,8.25242718446602,52.0,19.25925925925926,32.2,47.16808848605773,18.771428571428572,21.772197211778405,48.74285714285714,55.59753334713434
historic_center_2_929,0.6820000,0.722,-1,11,10,720.00,679.0,206.000,215.0,270.000,292.0,41.0,5.694444444444445,9.0,4.368932038834951,22.0,8.148148148148149,32.2,47.16808848605773,18.771428571428572,21.772197211778405,48.74285714285714,55.59753334713434
historic_center_2_930,0.6820000,0.5569999999999999,-1,16,9,720.00,769.0,206.000,185.0,270.000,187.0,49.0,6.805555555555555,21.0,10.194174757281553,83.0,30.74074074074074,32.2,47.16808848605773,18.771428571428572,21.772197211778405,48.74285714285714,55.59753334713434
historic_center_2_931,0.6820000,0.751,-1,11,11,720.00,733.0,206.000,228.0,270.000,295.0,13.0,1.8055555555555556,22.0,10.679611650485437,25.0,9.25925925925926,32.2,47.16808848605773,18.771428571428572,21.772197211778405,48.74285714285714,55.59753334713434
historic_center_2_932,0.6820000,0.644,-1,17,10,720.00,757.0,206.000,216.0,270.000,212.0,37.0,5.138888888888889,10.0,4.854368932038835,58.0,21.48148148148148,32.2,47.16808848605773,18.771428571428572,21.772197211778405,48.74285714285714,55.59753334713434
historic_center_2_933,0.6820000,0.617,-1,11,14,720.00,734.0,206.000,178.0,270.000,261.0,14.0,1.9444444444444444,28.0,13.592233009708737,9.0,3.3333333333333335,32.2,47.16808848605773,18.771428571428572,21.772197211778405,48.74285714285714,55.59753334713434
historic_center_2_934,0.6820000,0.683,-1,13,16,720.00,749.0,206.000,216.0,270.000,251.0,29.0,4.027777777777778,10.0,4.854368932038835,19.0,7.037037037037037,32.2,47.16808848605773,18.771428571428572,21.772197211778405,48.74285714285714,55.59753334713434
historic_center_2_935,0.6820000,0.643,-1,11,11,720.00,735.0,206.000,209.0,270.000,225.0,15.0,2.0833333333333335,3.0,1.4563106796116505,45.0,16.666666666666668,32.2,47.16808848605773,18.771428571428572,21.772197211778405,48.74285714285714,55.59753334713434
historic_center_2_936,0.6820000,0.632,-1,16,9,720.00,751.0,206.000,204.0,270.000,224.0,31.0,4.305555555555555,2.0,0.970873786407767,46.0,17.037037037037038,32.2,47.16808848605773,18.771428571428572,21.772197211778405,48.74285714285714,55.59753334713434
historic_center_2_937,0.6820000,0.607,-1,10,17,720.00,752.0,206.000,192.0,270.000,223.0,32.0,4.444444444444445,14.0,6.796116504854369,47.0,17.40740740740741,32.2,47.16808848605773,18.771428571428572,21.772197211778405,48.74285714285714,55.59753334713434
historic_center_2_938,0.6820000,0.585,-1,9,17,720.00,736.0,206.000,186.0,270.000,213.0,16.0,2.2222222222222223,20.0,9.70873786407767,57.0,21.11111111111111,32.2,47.16808848605773,18.771428571428572,21.772197211778405,48.74285714285714,55.59753334713434
historic_center_2_939,0.6820000,0.633,-1,11,16,720.00,733.0,206.000,217.0,270.000,199.0,13.0,1.8055555555555556,11.0,5.339805825242719,71.0,26.296296296296298,32.2,47.16808848605773,18.771428571428572,21.772197211778405,48.74285714285714,55.59753334713434
historic_center_2_940,0.6820000,0.543,-1,11,14,720.00,736.0,206.000,163.0,270.000,217.0,16.0,2.2222222222222223,43.0,20.87378640776699,53.0,19.62962962962963,32.2,47.16808848605773,18.771428571428572,21.772197211778405,48.74285714285714,55.59753334713434
historic_center_2_941,0.6820000,0.628,-1,14,8,720.00,745.0,206.000,224.0,270.000,180.0,25.0,3.4722222222222223,18.0,8.737864077669903,90.0,33.333333333333336,32.2,47.16808848605773,18.771428571428572,21.772197211778405,48.74285714285714,55.59753334713434
historic_center_2_942,0.6820000,0.63,-1,13,15,720.00,737.0,206.000,205.0,270.000,220.0,17.0,2.361111111111111,1.0,0.4854368932038835,50.0,18.51851851851852,32.2,47.16808848605773,18.771428571428572,21.772197211778405,48.74285714285714,55.59753334713434
historic_center_2_943,0.6820000,0.592,-1,7,12,720.00,777.0,206.000,192.0,270.000,208.0,57.0,7.916666666666667,14.0,6.796116504854369,62.0,22.962962962962962,32.2,47.16808848605773,18.771428571428572,21.772197211778405,48.74285714285714,55.59753334713434
historic_center_2_944,0.6820000,0.617,-1,13,14,720.00,759.0,206.000,202.0,270.000,213.0,39.0,5.416666666666667,4.0,1.941747572815534,57.0,21.11111111111111,32.2,47.16808848605773,18.771428571428572,21.772197211778405,48.74285714285714,55.59753334713434
historic_center_2_945,0.6820000,0.57,-1,10,11,720.00,755.0,206.000,176.0,270.000,218.0,35.0,4.861111111111111,30.0,14.563106796116505,52.0,19.25925925925926,32.2,47.16808848605773,18.771428571428572,21.772197211778405,48.74285714285714,55.59753334713434
historic_center_2_946,0.6820000,0.768,-1,8,10,720.00,722.0,206.000,240.0,270.000,288.0,2.0,0.2777777777777778,34.0,16.50485436893204,18.0,6.666666666666667,32.2,47.16808848605773,18.771428571428572,21.772197211778405,48.74285714285714,55.59753334713434
historic_center_2_947,0.6820000,0.7010000000000001,-1,15,14,720.00,738.0,206.000,228.0,270.000,245.0,18.0,2.5,22.0,10.679611650485437,25.0,9.25925925925926,32.2,47.16808848605773,18.771428571428572,21.772197211778405,48.74285714285714,55.59753334713434
historic_center_2_948,0.6820000,0.657,-1,11,11,720.00,746.0,206.000,217.0,270.000,223.0,26.0,3.611111111111111,11.0,5.339805825242719,47.0,17.40740740740741,32.2,47.16808848605773,18.771428571428572,21.772197211778405,48.74285714285714,55.59753334713434
historic_center_2_949,0.6820000,0.5880000000000001,-1,8,13,720.00,661.0,206.000,232.0,270.000,124.0,59.0,8.194444444444445,26.0,12.62135922330097,146.0,54.074074074074076,32.2,47.16808848605773,18.771428571428572,21.772197211778405,48.74285714285714,55.59753334713434
historic_center_2_950,0.6820000,0.624,-1,9,10,720.00,744.0,206.000,207.0,270.000,210.0,24.0,3.3333333333333335,1.0,0.4854368932038835,60.0,22.22222222222222,32.2,47.16808848605773,18.771428571428572,21.772197211778405,48.74285714285714,55.59753334713434
historic_center_2_951,0.6820000,0.564,-1,13,16,720.00,716.0,206.000,178.0,270.000,208.0,4.0,0.5555555555555556,28.0,13.592233009708737,62.0,22.962962962962962,32.2,47.16808848605773,18.771428571428572,21.772197211778405,48.74285714285714,55.59753334713434
historic_center_2_952,0.6820000,0.5579999999999999,-1,14,9,720.00,724.0,206.000,175.0,270.000,208.0,4.0,0.5555555555555556,31.0,15.048543689320388,62.0,22.962962962962962,32.2,47.16808848605773,18.771428571428572,21.772197211778405,48.74285714285714,55.59753334713434
historic_center_2_953,0.6820000,0.724,-1,10,13,720.00,739.0,206.000,225.0,270.000,274.0,19.0,2.638888888888889,19.0,9.223300970873787,4.0,1.4814814814814814,32.2,47.16808848605773,18.771428571428572,21.772197211778405,48.74285714285714,55.59753334713434
historic_center_2_954,0.6820000,0.5509999999999999,-1,14,8,720.00,706.0,206.000,172.0,270.000,207.0,14.0,1.9444444444444444,34.0,16.50485436893204,63.0,23.333333333333332,32.2,47.16808848605773,18.771428571428572,21.772197211778405,48.74285714285714,55.59753334713434
historic_center_2_955,0.6820000,0.714,-1,12,11,720.00,694.0,206.000,232.0,270.000,250.0,26.0,3.611111111111111,26.0,12.62135922330097,20.0,7.407407407407407,32.2,47.16808848605773,18.771428571428572,21.772197211778405,48.74285714285714,55.59753334713434
historic_center_2_956,0.6820000,0.765,-1,14,13,720.00,804.0,206.000,249.0,270.000,267.0,84.0,11.666666666666666,43.0,20.87378640776699,3.0,1.1111111111111112,32.2,47.16808848605773,18.771428571428572,21.772197211778405,48.74285714285714,55.59753334713434
historic_center_2_957,0.6820000,0.638,-1,15,15,720.00,723.0,206.000,212.0,270.000,214.0,3.0,0.4166666666666667,6.0,2.912621359223301,56.0,20.74074074074074,32.2,47.16808848605773,18.771428571428572,21.772197211778405,48.74285714285714,55.59753334713434
historic_center_2_958,0.6820000,0.666,-1,14,14,720.00,739.0,206.000,223.0,270.000,220.0,19.0,2.638888888888889,17.0,8.25242718446602,50.0,18.51851851851852,32.2,47.16808848605773,18.771428571428572,21.772197211778405,48.74285714285714,55.59753334713434
historic_center_2_959,0.6820000,0.582,-1,14,16,720.00,744.0,206.000,187.0,270.000,208.0,24.0,3.3333333333333335,19.0,9.223300970873787,62.0,22.962962962962962,32.2,47.16808848605773,18.771428571428572,21.772197211778405,48.74285714285714,55.59753334713434
historic_center_2_960,0.6820000,0.656,-1,15,12,720.00,738.0,206.000,222.0,270.000,212.0,18.0,2.5,16.0,7.766990291262136,58.0,21.48148148148148,32.2,47.16808848605773,18.771428571428572,21.772197211778405,48.74285714285714,55.59753334713434
historic_center_2_961,0.6820000,0.6970000000000001,-1,9,11,720.00,798.0,206.000,226.0,270.000,245.0,78.0,10.833333333333334,20.0,9.70873786407767,25.0,9.25925925925926,32.2,47.16808848605773,18.771428571428572,21.772197211778405,48.74285714285714,55.59753334713434
historic_center_3_962,0.7720000,0.677,-1,13,11,760.00,922.0,267.000,231.0,238.000,215.0,162.0,21.31578947368421,36.0,13.48314606741573,23.0,9.663865546218487,156.20833333333334,222.86645852019396,38.666666666666664,46.43947674123816,38.104166666666664,53.34225185847832
historic_center_3_963,0.7720000,0.5840000000000001,-1,12,10,760.00,814.0,267.000,169.0,238.000,246.0,54.0,7.105263157894737,98.0,36.70411985018727,8.0,3.361344537815126,156.20833333333334,222.86645852019396,38.666666666666664,46.43947674123816,38.104166666666664,53.34225185847832
historic_center_3_964,0.7720000,0.684,-1,14,11,760.00,898.0,267.000,230.0,238.000,224.0,138.0,18.157894736842106,37.0,13.857677902621722,14.0,5.882352941176471,156.20833333333334,222.86645852019396,38.666666666666664,46.43947674123816,38.104166666666664,53.34225185847832
historic_center_3_965,0.7720000,0.624,-1,10,10,760.00,841.0,267.000,214.0,238.000,196.0,81.0,10.657894736842104,53.0,19.850187265917604,42.0,17.647058823529413,156.20833333333334,222.86645852019396,38.666666666666664,46.43947674123816,38.104166666666664,53.34225185847832
historic_center_3_966,0.7720000,0.7749999999999999,-1,9,9,760.00,741.0,267.000,237.0,238.000,301.0,19.0,2.5,30.0,11.235955056179776,63.0,26.470588235294116,156.20833333333334,222.86645852019396,38.666666666666664,46.43947674123816,38.104166666666664,53.34225185847832
historic_center_3_967,0.7720000,0.8360000000000001,-1,8,10,760.00,777.0,267.000,251.0,238.000,334.0,17.0,2.236842105263158,16.0,5.992509363295881,96.0,40.33613445378151,156.20833333333334,222.86645852019396,38.666666666666664,46.43947674123816,38.104166666666664,53.34225185847832
historic_center_3_968,0.7720000,0.681,-1,10,12,760.00,930.0,267.000,229.0,238.000,223.0,170.0,22.36842105263158,38.0,14.232209737827715,15.0,6.302521008403361,156.20833333333334,222.86645852019396,38.666666666666664,46.43947674123816,38.104166666666664,53.34225185847832
historic_center_3_969,0.7720000,0.862,-1,10,12,760.00,238.0,267.000,251.0,238.000,360.0,522.0,68.6842105263158,16.0,5.992509363295881,122.0,51.260504201680675,156.20833333333334,222.86645852019396,38.666666666666664,46.43947674123816,38.104166666666664,53.34225185847832
historic_center_3_970,0.7720000,0.73,-1,7,12,760.00,188.0,267.000,233.0,238.000,264.0,572.0,75.26315789473684,34.0,12.734082397003744,26.0,10.92436974789916,156.20833333333334,222.86645852019396,38.666666666666664,46.43947674123816,38.104166666666664,53.34225185847832
historic_center_3_971,0.7720000,0.758,-1,10,9,760.00,877.0,267.000,240.0,238.000,278.0,117.0,15.394736842105264,27.0,10.112359550561798,40.0,16.80672268907563,156.20833333333334,222.86645852019396,38.666666666666664,46.43947674123816,38.104166666666664,53.34225185847832
historic_center_3_972,0.7720000,0.703,-1,7,11,760.00,790.0,267.000,236.0,238.000,231.0,30.0,3.9473684210526314,31.0,11.610486891385769,7.0,2.9411764705882355,156.20833333333334,222.86645852019396,38.666666666666664,46.43947674123816,38.104166666666664,53.34225185847832
historic_center_3_973,0.7720000,0.7110000000000001,-1,7,11,760.00,876.0,267.000,234.0,238.000,243.0,116.0,15.263157894736842,33.0,12.359550561797754,5.0,2.100840336134454,156.20833333333334,222.86645852019396,38.666666666666664,46.43947674123816,38.104166666666664,53.34225185847832
historic_center_3_974,0.7720000,0.761,-1,11,15,760.00,897.0,267.000,243.0,238.000,275.0,137.0,18.026315789473685,24.0,8.98876404494382,37.0,15.546218487394958,156.20833333333334,222.86645852019396,38.666666666666664,46.43947674123816,38.104166666666664,53.34225185847832
historic_center_3_975,0.7720000,0.724,-1,13,16,760.00,805.0,267.000,237.0,238.000,250.0,45.0,5.921052631578948,30.0,11.235955056179776,12.0,5.042016806722689,156.20833333333334,222.86645852019396,38.666666666666664,46.43947674123816,38.104166666666664,53.34225185847832
historic_center_3_976,0.7720000,0.668,-1,10,9,760.00,762.0,267.000,233.0,238.000,202.0,2.0,0.2631578947368421,34.0,12.734082397003744,36.0,15.126050420168067,156.20833333333334,222.86645852019396,38.666666666666664,46.43947674123816,38.104166666666664,53.34225185847832
historic_center_3_977,0.7720000,0.712,-1,10,16,760.00,839.0,267.000,236.0,238.000,240.0,79.0,10.394736842105264,31.0,11.610486891385769,2.0,0.8403361344537815,156.20833333333334,222.86645852019396,38.666666666666664,46.43947674123816,38.104166666666664,53.34225185847832
historic_center_3_978,0.7720000,0.672,-1,12,8,760.00,879.0,267.000,233.0,238.000,206.0,119.0,15.657894736842104,34.0,12.734082397003744,32.0,13.445378151260504,156.20833333333334,222.86645852019396,38.666666666666664,46.43947674123816,38.104166666666664,53.34225185847832
historic_center_3_979,0.7720000,0.796,-1,16,9,760.00,836.0,267.000,234.0,238.000,328.0,76.0,10.0,33.0,12.359550561797754,90.0,37.81512605042017,156.20833333333334,222.86645852019396,38.666666666666664,46.43947674123816,38.104166666666664,53.34225185847832
historic_center_3_980,0.7720000,0.541,-1,12,6,760.00,681.0,267.000,157.0,238.000,227.0,79.0,10.394736842105264,110.0,41.19850187265918,11.0,4.621848739495798,156.20833333333334,222.86645852019396,38.666666666666664,46.43947674123816,38.104166666666664,53.34225185847832
historic_center_3_981,0.7720000,0.686,-1,13,17,760.00,847.0,267.000,232.0,238.000,222.0,87.0,11.447368421052632,35.0,13.108614232209737,16.0,6.722689075630252,156.20833333333334,222.86645852019396,38.666666666666664,46.43947674123816,38.104166666666664,53.34225185847832
historic_center_3_982,0.7720000,0.614,-1,13,17,760.00,288.0,267.000,227.0,238.000,160.0,472.0,62.10526315789474,40.0,14.9812734082397,78.0,32.773109243697476,156.20833333333334,222.86645852019396,38.666666666666664,46.43947674123816,38.104166666666664,53.34225185847832
historic_center_3_983,0.7720000,0.708,-1,7,14,760.00,821.0,267.000,241.0,238.000,226.0,61.0,8.026315789473685,26.0,9.737827715355806,12.0,5.042016806722689,156.20833333333334,222.86645852019396,38.666666666666664,46.43947674123816,38.104166666666664,53.34225185847832
historic_center_3_984,0.7720000,0.581,-1,9,13,760.00,113.0,267.000,236.0,238.000,109.0,647.0,85.13157894736842,31.0,11.610486891385769,129.0,54.20168067226891,156.20833333333334,222.86645852019396,38.666666666666664,46.43947674123816,38.104166666666664,53.34225185847832
historic_center_3_985,0.7720000,0.724,-1,7,16,760.00,903.0,267.000,240.0,238.000,244.0,143.0,18.81578947368421,27.0,10.112359550561798,6.0,2.5210084033613445,156.20833333333334,222.86645852019396,38.666666666666664,46.43947674123816,38.104166666666664,53.34225185847832
historic_center_3_986,0.7720000,0.706,-1,7,15,760.00,347.0,267.000,235.0,238.000,236.0,413.0,54.3421052631579,32.0,11.985018726591761,2.0,0.8403361344537815,156.20833333333334,222.86645852019396,38.666666666666664,46.43947674123816,38.104166666666664,53.34225185847832
historic_center_3_987,0.7720000,0.835,-1,15,13,760.00,817.0,267.000,250.0,238.000,335.0,57.0,7.5,17.0,6.367041198501872,97.0,40.7563025210084,156.20833333333334,222.86645852019396,38.666666666666664,46.43947674123816,38.104166666666664,53.34225185847832
historic_center_3_988,0.7720000,0.7050000000000001,-1,8,11,760.00,822.0,267.000,230.0,238.000,245.0,62.0,8.157894736842104,37.0,13.857677902621722,7.0,2.9411764705882355,156.20833333333334,222.86645852019396,38.666666666666664,46.43947674123816,38.104166666666664,53.34225185847832
historic_center_3_989,0.7720000,0.524,-1,9,14,760.00,878.0,267.000,159.0,238.000,206.0,118.0,15.526315789473685,108.0,40.449438202247194,32.0,13.445378151260504,156.20833333333334,222.86645852019396,38.666666666666664,46.43947674123816,38.104166666666664,53.34225185847832
historic_center_3_990,0.7720000,0.792,-1,15,14,760.00,887.0,267.000,250.0,238.000,292.0,127.0,16.710526315789473,17.0,6.367041198501872,54.0,22.689075630252102,156.20833333333334,222.86645852019396,38.666666666666664,46.43947674123816,38.104166666666664,53.34225185847832
historic_center_3_991,0.7720000,0.563,-1,10,12,760.00,733.0,267.000,222.0,238.000,119.0,27.0,3.5526315789473686,45.0,16.853932584269664,119.0,50.0,156.20833333333334,222.86645852019396,38.666666666666664,46.43947674123816,38.104166666666664,53.34225185847832
historic_center_3_992,0.7720000,0.5660000000000001,-1,16,8,760.00,645.0,267.000,167.0,238.000,232.0,115.0,15.131578947368421,100.0,37.453183520599254,6.0,2.5210084033613445,156.20833333333334,222.86645852019396,38.666666666666664,46.43947674123816,38.104166666666664,53.34225185847832
historic_center_3_993,0.7720000,0.588,-1,16,14,760.00,882.0,267.000,240.0,238.000,108.0,122.0,16.05263157894737,27.0,10.112359550561798,130.0,54.621848739495796,156.20833333333334,222.86645852019396,38.666666666666664,46.43947674123816,38.104166666666664,53.34225185847832
historic_center_3_994,0.7720000,0.649,-1,13,10,760.00,665.0,267.000,241.0,238.000,167.0,95.0,12.5,26.0,9.737827715355806,71.0,29.831932773109244,156.20833333333334,222.86645852019396,38.666666666666664,46.43947674123816,38.104166666666664,53.34225185847832
historic_center_3_995,0.7720000,0.6950000000000001,-1,3,16,760.00,849.0,267.000,233.0,238.000,229.0,89.0,11.710526315789474,34.0,12.734082397003744,9.0,3.7815126050420167,156.20833333333334,222.86645852019396,38.666666666666664,46.43947674123816,38.104166666666664,53.34225185847832
historic_center_3_996,0.7720000,0.606,-1,9,7,760.00,357.0,267.000,189.0,238.000,228.0,403.0,53.026315789473685,78.0,29.213483146067414,10.0,4.201680672268908,156.20833333333334,222.86645852019396,38.666666666666664,46.43947674123816,38.104166666666664,53.34225185847832
historic_center_3_997,0.7720000,0.55,-1,8,10,760.00,409.0,267.000,167.0,238.000,216.0,351.0,46.18421052631579,100.0,37.453183520599254,22.0,9.243697478991596,156.20833333333334,222.86645852019396,38.666666666666664,46.43947674123816,38.104166666666664,53.34225185847832
historic_center_3_998,0.7720000,0.751,-1,11,13,760.00,766.0,267.000,245.0,238.000,261.0,6.0,0.7894736842105263,22.0,8.239700374531836,23.0,9.663865546218487,156.20833333333334,222.86645852019396,38.666666666666664,46.43947674123816,38.104166666666664,53.34225185847832
historic_center_3_999,0.7720000,0.695,-1,11,16,760.00,717.0,267.000,237.0,238.000,221.0,43.0,5.657894736842105,30.0,11.235955056179776,17.0,7.142857142857143,156.20833333333334,222.86645852019396,38.666666666666664,46.43947674123816,38.104166666666664,53.34225185847832
historic_center_3_1000,0.7720000,0.7729999999999999,-1,10,6,760.00,885.0,267.000,242.0,238.000,289.0,125.0,16.44736842105263,25.0,9.363295880149813,51.0,21.428571428571427,156.20833333333334,222.86645852019396,38.666666666666664,46.43947674123816,38.104166666666664,53.34225185847832
historic_center_3_1001,0.7720000,0.7869999999999999,-1,8,11,760.00,463.0,267.000,243.0,238.000,301.0,297.0,39.078947368421055,24.0,8.98876404494382,63.0,26.470588235294116,156.20833333333334,222.86645852019396,38.666666666666664,46.43947674123816,38.104166666666664,53.34225185847832
historic_center_3_1002,0.7720000,0.7210000000000001,-1,13,13,760.00,840.0,267.000,233.0,238.000,255.0,80.0,10.526315789473685,34.0,12.734082397003744,17.0,7.142857142857143,156.20833333333334,222.86645852019396,38.666666666666664,46.43947674123816,38.104166666666664,53.34225185847832
historic_center_3_1003,0.7720000,0.735,-1,12,10,760.00,285.0,267.000,249.0,238.000,237.0,475.0,62.5,18.0,6.741573033707865,1.0,0.42016806722689076,156.20833333333334,222.86645852019396,38.666666666666664,46.43947674123816,38.104166666666664,53.34225185847832
historic_center_3_1004,0.7720000,0.735,-1,10,9,760.00,737.0,267.000,249.0,238.000,237.0,23.0,3.026315789473684,18.0,6.741573033707865,1.0,0.42016806722689076,156.20833333333334,222.86645852019396,38.666666666666664,46.43947674123816,38.104166666666664,53.34225185847832
historic_center_3_1005,0.7720000,0.76,-1,11,11,760.00,846.0,267.000,249.0,238.000,262.0,86.0,11.31578947368421,18.0,6.741573033707865,24.0,10.084033613445378,156.20833333333334,222.86645852019396,38.666666666666664,46.43947674123816,38.104166666666664,53.34225185847832
historic_center_3_1006,0.7720000,0.558,-1,10,12,760.00,837.0,267.000,181.0,238.000,196.0,77.0,10.131578947368421,86.0,32.20973782771536,42.0,17.647058823529413,156.20833333333334,222.86645852019396,38.666666666666664,46.43947674123816,38.104166666666664,53.34225185847832
historic_center_3_1007,0.7720000,0.635,-1,4,10,760.00,963.0,267.000,242.0,238.000,151.0,203.0,26.710526315789473,25.0,9.363295880149813,87.0,36.554621848739494,156.20833333333334,222.86645852019396,38.666666666666664,46.43947674123816,38.104166666666664,53.34225185847832
historic_center_3_1008,0.7720000,0.761,-1,9,12,760.00,705.0,267.000,252.0,238.000,257.0,55.0,7.2368421052631575,15.0,5.617977528089888,19.0,7.983193277310924,156.20833333333334,222.86645852019396,38.666666666666664,46.43947674123816,38.104166666666664,53.34225185847832
historic_center_3_1009,0.7720000,0.737,-1,9,15,760.00,656.0,267.000,251.0,238.000,235.0,104.0,13.68421052631579,16.0,5.992509363295881,3.0,1.2605042016806722,156.20833333333334,222.86645852019396,38.666666666666664,46.43947674123816,38.104166666666664,53.34225185847832
